<?xml version="1.0" encoding="UTF-8" ?>
<!DOCTYPE configuration PUBLIC "-//mybatis.org//DTD Config 3.0//EN" "http://mybatis.org/dtd/mybatis-3-config.dtd">
<configuration>
	<environments default="server">
		<environment id="local">
			<transactionManager type="JDBC" />
			<dataSource type="POOLED">
				<property name="driver" value="oracle.jdbc.driver.OracleDriver" />
				<property name="url" value="jdbc:oracle:thin:@OSIBASEDEV3DB1.oneshield.com:1521:DBASE3" />
				<property name="username" value="BASE_API" />
				<property name="password" value="BASE_API" />
			</dataSource>
		</environment>
		<environment id="server">
			<transactionManager type="MANAGED">
				<property name="closeConnection" value="true" />
			</transactionManager>
			<dataSource type="JNDI">
				<property name="data_source" value="jdbc/Oneshield Datasource" />
			</dataSource>
		</environment>
	</environments>
	<mappers>
		<!-- <package name="com.oneshield.claims.md.generated.dao" /> -->
		<mapper resource="com/oneshield/claims/md/generated/dao/IncidentAssetMapMapper.xml" />
		<mapper resource="com/oneshield/claims/md/generated/dao/IncidentEntityMapMapper.xml" />
		<mapper resource="com/oneshield/claims/md/generated/dao/IncidentLossMapMapper.xml" />
		<mapper resource="com/oneshield/claims/md/generated/dao/IncidentCoverageTypeMapMapper.xml" />
		<mapper resource="com/oneshield/claims/md/generated/dao/PcCoverageTypeMapper.xml" />
		<mapper resource="com/oneshield/claims/md/generated/dao/ClaimsCoverageRuleMapper.xml" />
		<mapper resource="com/oneshield/claims/md/generated/dao/IncidentLOBMapMapper.xml" />
		<mapper resource="com/oneshield/claims/md/generated/dao/IncidentTypeMapper.xml" />
		<mapper resource="com/oneshield/claims/md/generated/dao/LossDisplayNameMapMapper.xml" />
		<mapper resource="com/oneshield/claims/md/generated/dao/LossTypeSetValueMapper.xml" />
		<mapper resource="com/oneshield/claims/md/generated/dao/RecoveryRelatedDocMapper.xml" />
		<mapper resource="com/oneshield/claims/md/generated/dao/RecoveryRuleMapMapper.xml" />
		<mapper resource="com/oneshield/claims/md/generated/dao/RecoveryTypeMapper.xml" />
		<mapper resource="com/oneshield/claims/md/generated/dao/ReserveCriteriaMapMapper.xml" />
		<mapper resource="com/oneshield/claims/md/generated/dao/ReserveCriteriaMapper.xml" />
		<mapper resource="com/oneshield/claims/md/generated/dao/CoverageReserveLimitMapper.xml" />
		<mapper resource="com/oneshield/claims/md/generated/dao/IncidentCauseOfLossMapMapper.xml" />
		<mapper resource="com/oneshield/claims/md/generated/dao/CauseOfLossMapper.xml" />
		<mapper resource="com/oneshield/claims/md/generated/dao/DuplicateSearchTypeMapper.xml" />
		<mapper resource="com/oneshield/claims/md/generated/dao/DuplicateSearchMemberMapper.xml" />
		<mapper resource="com/oneshield/claims/md/generated/dao/IndemnityConstraintTypeMapper.xml" />
		<mapper resource="com/oneshield/claims/md/generated/dao/IndemnityConstraintValueMapper.xml" />
		<mapper resource="com/oneshield/claims/md/generated/dao/CoverageIndemnityConstraintMapper.xml" />
		<mapper resource="com/oneshield/claims/md/generated/dao/CoverageCategoryMapper.xml" />
		<mapper resource="com/oneshield/claims/md/generated/dao/PolicyClaimAssetMapMapper.xml" />
		<mapper resource="com/oneshield/claims/md/generated/dao/OcKickoutReasonMapper.xml"/>
		<mapper resource="com/oneshield/claims/md/generated/dao/OcFraudRulesMapper.xml"/>
		<mapper resource="com/oneshield/claims/md/generated/dao/OcLobCovTypeMapper.xml"/>
		<mapper resource="com/oneshield/claims/md/generated/dao/OcCoveragePropertyMapper.xml"/>
		<mapper resource="com/oneshield/claims/md/generated/dao/OcLobOfferingTypeMapper.xml"/>
		<mapper resource="com/oneshield/claims/md/generated/dao/OcResponseScenarioMapper.xml"/>
		<mapper resource="com/oneshield/claims/md/generated/dao/OcResponseScenarioMapMapper.xml"/>		
		<mapper resource="com/oneshield/claims/md/generated/dao/ErpDefinitionMapper.xml"/>		
		<mapper resource="com/oneshield/claims/md/generated/dao/OcStatuteOfLimitDefMapper.xml"/>
		<mapper resource="com/oneshield/claims/md/generated/dao/IncidentTypeSetValueMapper.xml"/>
		<mapper resource="com/oneshield/claims/md/generated/dao/DocumentGenerateInstructMapper.xml"/>
		
	</mappers>
</configuration>